cust_id,prod_id
12346,23166
12347,22134
12347,16008
12347,22422
12347,22821
12347,23508
12347,23506
12347,20719
12347,21636
12347,22196
12347,22945
12347,17021
12347,22432
12347,22131
12347,23552
12347,20966
12347,21154
12347,22212
12347,85116
12347,23175
12347,23146
12347,84992
12347,84991
12347,21976
12347,22417
12347,21975
12347,23308
12347,23271
12347,21578
12347,22725
12347,22726
12347,22727
12347,22728
12347,22729
12347,22771
12347,22772
12347,22773
12347,22774
12347,22775
12347,22805
12347,22494
12347,21791
12347,85178
12347,22252
12347,23503
12347,47580
12347,23174
12347,22375
12347,22497
12347,22376
12347,22374
12347,22371
12347,22372
12347,21171
12347,23147
12347,23497
12347,21041
12347,21035
12347,20665
12347,22699
12347,23177
12347,22195
12347,21731
12347,21832
12347,23171
12347,23172
12347,23170
12347,22561
12347,22621
12347,23173
12347,22992
12347,21265
12347,22492
12347,23084
12347,23421
12347,23422
12347,23420
12347,84969
12347,23297
12347,22550
12347,23162
12347,21064
12347,20782
12347,22698
12347,22697
12347,22423
12347,71477
12347,23480
12347,20780
12347,23316
12347,23076
12348,84991
12348,21213
12348,22952
12348,21977
12348,22437
12348,21726
12348,22616
12348,84992
12348,22951
12348,21725
12348,21981
12348,21982
12348,21980
12348,21985
12348,21983
12348,21967
12348,84988
12348,23076
12348,23077
12348,21211
12348,23078
12349,23293
12349,23294
12349,23295
12349,21086
12349,23296
12349,22601
12349,23545
12349,22704
12349,22131
12349,23514
12349,23020
12349,23108
12349,85053
12349,22423
12349,21411
12349,22333
12349,22720
12349,23113
12349,21533
12349,23112
12349,84978
12349,23263
12349,21535
12349,21531
12349,22722
12349,48194
12349,23283
12349,22441
12349,23236
12349,23198
12349,22567
12349,23497
12349,21564
12349,21563
12349,22666
12349,20914
12349,22326
12349,23494
12349,22059
12349,37448
12349,23493
12349,22195
12349,22557
12349,22553
12349,22554
12349,22555
12349,23273
12349,22556
12349,22064
12349,22430
12349,23460
12349,35970
12349,21787
12349,22832
12349,22071
12349,22070
12349,23240
12349,23439
12349,22960
12349,21136
12349,22692
12349,48185
12349,21231
12349,21232
12349,20685
12349,48184
12349,37500
12349,23253
12350,21915
12350,22620
12350,21866
12350,20652
12350,21171
12350,22551
12350,22557
12350,21832
12350,22348
12350,21908
12350,22412
12350,21864
12350,20615
12352,21770
12352,21700
12352,23367
12352,23368
12352,22178
12352,23559
12352,22668
12352,22138
12352,22784
12352,22617
12352,22720
12352,23298
12352,22801
12352,37495
12352,22550
12352,21232
12352,21914
12352,22993
12352,22982
12352,22722
12352,22692
12352,21314
12352,22624
12352,22627
12352,22779
12352,22780
12352,22646
12352,22645
12352,23198
12352,22979
12352,21669
12352,21380
12352,22701
12352,22413
12352,22654
12352,21755
12352,21756
12352,21754
12352,37448
12352,22853
12352,22064
12352,84050
12352,22980
12352,21731
12352,23096
12352,23245
12352,23243
12352,22635
12352,22634
12352,23088
12352,22978
12352,22630
12352,23089
12352,22423
12352,22120
12352,22844
12353,37446
12353,37450
12353,37449
12353,22890
12354,23204
12354,23205
12354,22661
12354,20675
12354,20677
12354,20676
12354,22983
12354,21080
12354,21843
12354,22899
12354,22668
12354,22456
12354,21533
12354,22138
12354,22839
12354,22508
12354,21156
12354,21922
12354,20749
12354,20750
12354,23052
12354,23054
12354,22384
12354,20725
12354,23254
12354,23255
12354,23256
12354,22848
12354,23008
12354,23010
12354,22215
12354,84988
12354,21891
12354,22326
12354,22317
12354,21380
12354,22090
12354,22623
12354,21890
12354,21731
12354,22628
12354,22635
12354,21217
12354,22180
12354,21238
12354,22344
12354,22343
12354,23201
12354,22629
12354,22630
12354,22631
12354,21240
12354,21239
12354,21246
12354,21242
12354,21244
12354,21243
12355,22699
12355,22697
12355,22698
12355,22890
12355,22423
12355,22693
12355,22649
12355,23077
12355,23076
12356,84378
12356,21086
12356,37447
12356,21094
12356,20971
12356,22698
12356,22699
12356,21080
12356,22951
12356,21213
12356,21212
12356,21125
12356,84457
12356,22646
12356,22195
12356,21198
12356,21199
12356,22938
12356,22423
12356,84991
12356,84380
12356,21124
12356,21122
12356,21383
12356,21843
12356,22066
12356,84987
12356,22967
12356,22957
12356,22132
12356,37450
12356,22055
12356,22131
12356,21114
12356,84992
12356,22059
12356,37448
12356,22937
12356,22857
12356,22062
12356,22435
12356,84375
12356,21231
12356,37501
12356,21527
12356,37500
12356,22060
12356,22138
12356,22649
12357,21506
12357,22025
12357,21507
12357,22023
12357,22026
12357,21508
12357,22024
12357,22027
12357,22028
12357,22716
12357,22029
12357,22712
12357,22717
12357,22714
12357,22718
12357,22814
12357,22819
12357,22983
12357,22817
12357,22984
12357,22815
12357,72780
12357,22306
12357,21232
12357,22316
12357,22315
12357,23168
12357,21231
12357,21555
12357,23178
12357,23179
12357,84378
12357,22059
12357,37448
12357,22066
12357,72817
12357,22064
12357,22067
12357,21874
12357,23302
12357,20677
12357,37446
12357,84665
12357,23485
12357,22190
12357,72783
12357,22964
12357,22055
12357,84819
12357,22728
12357,22726
12357,22727
12357,23267
12357,22966
12357,21039
12357,23247
12357,22903
12357,22904
12357,22905
12357,20931
12357,20932
12357,71403
12357,22358
12357,21154
12357,23493
12357,22333
12357,21216
12357,22348
12357,22897
12357,22511
12357,22510
12357,22508
12357,21218
12357,22357
12357,22191
12357,22193
12357,23341
12357,21411
12357,20679
12357,23315
12357,23316
12357,23317
12357,22846
12357,22847
12357,23197
12357,23198
12357,23196
12357,21843
12357,37449
12357,85174
12357,21116
12357,21844
12357,22312
12357,23494
12357,20750
12357,20676
12357,22072
12357,23358
12357,84030
12357,84029
12357,72741
12357,22947
12357,23357
12357,23355
12357,22423
12357,22061
12357,22890
12357,21485
12357,37495
12357,23382
12357,23356
12357,23181
12357,22969
12357,22070
12357,22071
12357,85038
12357,23184
12357,22632
12358,22059
12358,22646
12358,21232
12358,48185
12358,22063
12358,37447
12358,37449
12358,20679
12359,22616
12359,22918
12359,22917
12359,22919
12359,22920
12359,22916
12359,21054
12359,21056
12359,22858
12359,22860
12359,22788
12359,22511
12359,22510
12359,21916
12359,21790
12359,22963
12359,22962
12359,22908
12359,22907
12359,22709
12359,23230
12359,23110
12359,22927
12359,22925
12359,22926
12359,22477
12359,22845
12359,23175
12359,22795
12359,21528
12359,22720
12359,22721
12359,22914
12359,22912
12359,22472
12359,35241
12359,22623
12359,22474
12359,22476
12359,23298
12359,21116
12359,23413
12359,23117
12359,23114
12359,21781
12359,21912
12359,21745
12359,23162
12359,22726
12359,22727
12359,22725
12359,22109
12359,22728
12359,85054
12359,22494
12359,22567
12359,23346
12359,23345
12359,23100
12359,23504
12359,23503
12359,22896
12359,20704
12359,20705
12359,22471
12359,22722
12359,23013
12359,23012
12359,22692
12359,48185
12359,22840
12359,22841
12359,23283
12359,21523
12359,22690
12359,22794
12359,23050
12359,23049
12359,23051
12359,23052
12359,23053
12359,23054
12359,23284
12359,23542
12359,22652
12359,23208
12359,23206
12359,21935
12359,23021
12359,23390
12359,23391
12359,23174
12359,22847
12359,22846
12359,22844
12359,22636
12359,22192
12359,22193
12359,22627
12359,22625
12359,22626
12359,22624
12359,22852
12359,22207
12359,22199
12359,23426
12359,22961
12359,22666
12359,22665
12359,22900
12359,22699
12359,22697
12359,22452
12359,22698
12359,21754
12359,21755
12359,21756
12359,23494
12359,23534
12359,23176
12359,23177
12359,23194
12359,22853
12359,21260
12359,22411
12359,22385
12359,21931
12359,23493
12359,22555
12359,22556
12359,23191
12359,23172
12359,23171
12359,23170
12359,23302
12359,23301
12359,23188
12359,23126
12359,23245
12359,23424
12359,22501
12359,23173
12359,23315
12359,23397
12359,23182
12359,23370
12359,23371
12359,23372
12359,22446
12359,23199
12359,23201
12359,23202
12359,23200
12359,23531
12359,21843
12359,21277
12359,23423
12359,23528
12359,23529
12359,47566
12359,22659
12359,22991
12359,22502
12359,23535
12359,23536
12359,23526
12359,23239
12359,23237
12359,23238
12359,23240
12359,21166
12359,23421
12359,23422
12359,23420
12359,82600
12359,20751
12359,22960
12359,21906
12359,21136
12359,21770
12359,23404
12359,23537
12359,23530
12359,23414
12359,22838
12359,22839
12359,22993
12359,22778
12359,82484
12359,22849
12359,22799
12359,22487
12359,23356
12359,22423
12359,23355
12359,22776
12359,22829
12359,23471
12359,22365
12359,23020
12359,23094
12359,23472
12359,22797
12359,22656
12359,22655
12359,22826
12359,22827
12360,22027
12360,22029
12360,22819
12360,22814
12360,22816
12360,22818
12360,21240
12360,23286
12360,23285
12360,23287
12360,23288
12360,21239
12360,21238
12360,21086
12360,21987
12360,23155
12360,20677
12360,20676
12360,20674
12360,20675
12360,21094
12360,21080
12360,21989
12360,21675
12360,21676
12360,21723
12360,21988
12360,22909
12360,22581
12360,22601
12360,22571
12360,22572
12360,22433
12360,22431
12360,22141
12360,22144
12360,21578
12360,21579
12360,21576
12360,21242
12360,21245
12360,21244
12360,22138
12360,22617
12360,23318
12360,23382
12360,23267
12360,21559
12360,22352
12360,21558
12360,21561
12360,21156
12360,22367
12360,22898
12360,20750
12360,23255
12360,23256
12360,22752
12360,22940
12360,22142
12360,84674
12360,22326
12360,22328
12360,22742
12360,22274
12360,22273
12360,72817
12360,20682
12360,20686
12360,22438
12360,22554
12360,22556
12360,22555
12360,22557
12360,22551
12360,22621
12360,23128
12360,20978
12360,23371
12360,23372
12360,21789
12360,21788
12360,23199
12360,22385
12360,21929
12360,20713
12360,22812
12360,22813
12360,22630
12360,22492
12360,23159
12360,84375
12360,22139
12360,22693
12360,20749
12360,23008
12360,23320
12360,23007
12360,23010
12361,20726
12361,20725
12361,22382
12361,22326
12361,22328
12361,22555
12361,22630
12361,22629
12361,22631
12362,16048
12362,22396
12362,22712
12362,22029
12362,22816
12362,16238
12362,21981
12362,21829
12362,23204
12362,23378
12362,22776
12362,23292
12362,23291
12362,23290
12362,21918
12362,22151
12362,22637
12362,22565
12362,22613
12362,22908
12362,20983
12362,20981
12362,22491
12362,21080
12362,21704
12362,22431
12362,22432
12362,23244
12362,23108
12362,21222
12362,22423
12362,22891
12362,23175
12362,21576
12362,21577
12362,21936
12362,22139
12362,21533
12362,21485
12362,22943
12362,21913
12362,20694
12362,37495
12362,84580
12362,84581
12362,22727
12362,22728
12362,22726
12362,22725
12362,22750
12362,22751
12362,21481
12362,23480
12362,21746
12362,21747
12362,21718
12362,21866
12362,22405
12362,21671
12362,23345
12362,23346
12362,20985
12362,21947
12362,22892
12362,23264
12362,20699
12362,21561
12362,21559
12362,22276
12362,22352
12362,21535
12362,22930
12362,22937
12362,22110
12362,22970
12362,22367
12362,22722
12362,20750
12362,22947
12362,20749
12362,23283
12362,20685
12362,48194
12362,48188
12362,48185
12362,20728
12362,20726
12362,20725
12362,22383
12362,23208
12362,23206
12362,22662
12362,23209
12362,22382
12362,23256
12362,23254
12362,23174
12362,23388
12362,23389
12362,23255
12362,23390
12362,23391
12362,22509
12362,23010
12362,23009
12362,23008
12362,23007
12362,22799
12362,22192
12362,22193
12362,22941
12362,22942
12362,22372
12362,22374
12362,22375
12362,21131
12362,21132
12362,22940
12362,23040
12362,22589
12362,22588
12362,22549
12362,22272
12362,22273
12362,22090
12362,20665
12362,20914
12362,22699
12362,22326
12362,21249
12362,22328
12362,22904
12362,22452
12362,22453
12362,23598
12362,20679
12362,22580
12362,20682
12362,22900
12362,23303
12362,23304
12362,23305
12362,22551
12362,22554
12362,23170
12362,22557
12362,23190
12362,22555
12362,21832
12362,22493
12362,22174
12362,21731
12362,47566
12362,23245
12362,23243
12362,23569
12362,23289
12362,23369
12362,22449
12362,21715
12362,21716
12362,21787
12362,22962
12362,22385
12362,23203
12362,21931
12362,23199
12362,23202
12362,22629
12362,22630
12362,22659
12362,22631
12362,22492
12362,23313
12362,23238
12362,23237
12362,84375
12362,22138
12362,23319
12362,23382
12362,22197
12362,23080
12362,22946
12362,21484
12362,23320
12362,23247
12362,23173
12362,23358
12362,22812
12362,22504
12363,21213
12363,21977
12363,21976
12363,21212
12363,84992
12363,84991
12363,20685
12363,22691
12363,48116
12363,21974
12363,21973
12363,21211
12363,21210
12363,22950
12363,22952
12363,23313
12363,23318
12363,21124
12363,21122
12363,21123
12363,21121
12363,23236
12363,23234
12364,22819
12364,22029
12364,22712
12364,21508
12364,22716
12364,21987
12364,21086
12364,21989
12364,21988
12364,21080
12364,21094
12364,21058
12364,21062
12364,21059
12364,22908
12364,22613
12364,22907
12364,21499
12364,21500
12364,21498
12364,21495
12364,22704
12364,22046
12364,22045
12364,22706
12364,22707
12364,22708
12364,23545
12364,84991
12364,23308
12364,23307
12364,22951
12364,21977
12364,21976
12364,21213
12364,21212
12364,22668
12364,23298
12364,21126
12364,23310
12364,22437
12364,22620
12364,22090
12364,21380
12364,21327
12364,21207
12364,21199
12364,21197
12364,47566
12364,20977
12364,20978
12364,20979
12364,21381
12364,21060
12364,21063
12364,21843
12364,22992
12364,22332
12364,22333
12364,21123
12364,21122
12364,21124
12364,21121
12365,22915
12365,21651
12365,22478
12365,22423
12365,21408
12365,22128
12365,20972
12365,22585
12365,21358
12365,21356
12365,21355
12365,84987
12365,21974
12365,21107
12365,21106
12365,22699
12365,22698
12365,22224
12365,22697
12367,21770
12367,85227
12367,22708
12367,22045
12367,16237
12367,21576
12367,21579
12367,22629
12367,22631
12367,22630
12370,21356
12370,21355
12370,20707
12370,21207
12370,22746
12370,22745
12370,22747
12370,22748
12370,20972
12370,21357
12370,22274
12370,22272
12370,22083
12370,22085
12370,22088
12370,22087
12370,21188
12370,21189
12370,22749
12370,20970
12370,20969
12370,20967
12370,20974
12370,47566
12370,22147
12370,22150
12370,21358
12370,22149
12370,22751
12370,22569
12370,22568
12370,21106
12370,21231
12370,35961
12370,22962
12370,22229
12370,22230
12370,22857
12370,22523
12370,22522
12370,22521
12370,22520
12370,84006
12370,22571
12370,37446
12370,21031
12370,21026
12370,21025
12370,21032
12370,21030
12370,21027
12370,20961
12370,20963
12370,20966
12370,22524
12370,22525
12370,22477
12370,21110
12370,22113
12370,22570
12370,22750
12370,20653
12370,20658
12370,20654
12370,84946
12370,23213
12370,22582
12370,85095
12370,22575
12370,21326
12370,85195
12370,21428
12370,22779
12370,22780
12370,22231
12370,21683
12370,22313
12370,22312
12370,22224
12370,22273
12370,22271
12370,22070
12370,22071
12370,22465
12370,22233
12370,22153
12370,22154
12370,21109
12370,21684
12370,21385
12370,22565
12370,22566
12370,84012
12370,35924
12370,21232
12370,21108
12370,22148
12370,22466
12370,22766
12370,20846
12370,72741
12370,22804
12370,22179
12370,22784
12370,21390
12370,23210
12370,22291
12370,21111
12370,21112
12370,21380
12370,21055
12370,22296
12370,22767
12370,84879
12370,21381
12370,23082
12370,21808
12370,23083
12370,21733
12370,22270
12370,21056
12370,22294
12370,22297
12370,84568
12370,84598
12370,22214
12370,21107
12370,22335
12370,37449
12370,37495
12371,22398
12371,22915
12371,22924
12371,85227
12371,22181
12371,22923
12371,20961
12371,20963
12371,22745
12371,22139
12371,21494
12371,21558
12371,22352
12371,20727
12371,20725
12371,21479
12371,21693
12371,22989
12371,23355
12371,23357
12371,22939
12371,21625
12371,23358
12371,21615
12371,21616
12371,21620
12371,21617
12371,22123
12371,23156
12371,23157
12371,23158
12371,23159
12371,22834
12371,22632
12371,22865
12371,22866
12371,21485
12371,22111
12371,21481
12371,21689
12371,72819
12371,84030
12371,22113
12371,22312
12371,22313
12371,23356
12371,21055
12371,84347
12371,22423
12371,72741
12371,22314
12371,22311
12372,22539
12372,22538
12372,22544
12372,22540
12372,22045
12372,22704
12372,22705
12372,22711
12372,23232
12372,23244
12372,21578
12372,21577
12372,22550
12372,21791
12372,22376
12372,22374
12372,22328
12372,21452
12372,22326
12372,22556
12372,22551
12372,22555
12372,22329
12372,23433
12372,22659
12372,22630
12372,22631
12372,22629
12372,22138
12372,20750
12373,22356
12373,20719
12373,22328
12373,21481
12373,20713
12373,22553
12373,20724
12373,20726
12373,20728
12373,22326
12373,21931
12373,20712
12374,22818
12374,23353
12374,23354
12374,22144
12374,22956
12374,22955
12374,72741
12374,84992
12374,21108
12374,21485
12374,22112
12374,22408
12374,22739
12374,22735
12374,22441
12374,22113
12374,22114
12374,23497
12374,22644
12374,22810
12374,23571
12374,85174
12374,21788
12374,21789
12374,22732
12374,22733
12374,22423
12374,22442
12374,23320
12374,21106
12374,22734
12375,20719
12375,22356
12375,22355
12375,23200
12375,23203
12375,20713
12375,21929
12375,21930
12375,20749
12375,20712
12377,22714
12377,22713
12377,22037
12377,21506
12377,22029
12377,22716
12377,16012
12377,22422
12377,22021
12377,22540
12377,22544
12377,22546
12377,22545
12377,22539
12377,22538
12377,22197
12377,21080
12377,21094
12377,21721
12377,21680
12377,22746
12377,22727
12377,22726
12377,22730
12377,22725
12377,22728
12377,22729
12377,22108
12377,37495
12377,21559
12377,21561
12377,20750
12377,20856
12377,20662
12377,21380
12377,22090
12377,22326
12377,22555
12377,22556
12377,22551
12377,84050
12377,21206
12377,22449
12377,22448
12377,22659
12377,22631
12377,22629
12377,22630
12377,22190
12377,22953
12377,21877
12377,21871
12377,22303
12377,22300
12377,22301
12377,22302
12377,22367
12377,22328
12377,21365
12377,22837
12377,21832
12377,22109
12377,22107
12377,22813
12377,22314
12377,22501
12377,22112
12378,21208
12378,21240
12378,21239
12378,22615
12378,21967
12378,21985
12378,21982
12378,21981
12378,23119
12378,21987
12378,22820
12378,22990
12378,23101
12378,23102
12378,23223
12378,23221
12378,23148
12378,23155
12378,20674
12378,20675
12378,23000
12378,22535
12378,22532
12378,85227
12378,22945
12378,22857
12378,22255
12378,21988
12378,22851
12378,22907
12378,21078
12378,22602
12378,23231
12378,23550
12378,22431
12378,22432
12378,21154
12378,22478
12378,21114
12378,22747
12378,22746
12378,22748
12378,20754
12378,22965
12378,22964
12378,22745
12378,22436
12378,22332
12378,22334
12378,21212
12378,21245
12378,23288
12378,21936
12378,22669
12378,22943
12378,22914
12378,22839
12378,22838
12378,22605
12378,22550
12378,22729
12378,23252
12378,22728
12378,22726
12378,23267
12378,22254
12378,22435
12378,22982
12378,84828
12378,84378
12378,84380
12378,22966
12378,23251
12378,23250
12378,23346
12378,23347
12378,22585
12378,21668
12378,21671
12378,21672
12378,22670
12378,22589
12378,22930
12378,21561
12378,21558
12378,21559
12378,22583
12378,22584
12378,21205
12378,21556
12378,22434
12378,22189
12378,22687
12378,85048
12378,22841
12378,22840
12378,22365
12378,20685
12378,48138
12378,23080
12378,21935
12378,22737
12378,22739
12378,20728
12378,22383
12378,22384
12378,23206
12378,23207
12378,23209
12378,23129
12378,23256
12378,23255
12378,23254
12378,22846
12378,22942
12378,22374
12378,22371
12378,22852
12378,21537
12378,22779
12378,22588
12378,23268
12378,23270
12378,22981
12378,84988
12378,84987
12378,82551
12378,23147
12378,22957
12378,22328
12378,21288
12378,22742
12378,22743
12378,22452
12378,22271
12378,22273
12378,22318
12378,22313
12378,22314
12378,23176
12378,23193
12378,23194
12378,23177
12378,84792
12378,20682
12378,20686
12378,22075
12378,22329
12378,23249
12378,22074
12378,21731
12378,21707
12378,21709
12378,21706
12378,22628
12378,22430
12378,23316
12378,23317
12378,20677
12378,22449
12378,21989
12378,21238
12378,23285
12378,23286
12378,23287
12378,23229
12378,23183
12378,22148
12378,22629
12378,22631
12378,22659
12378,22822
12378,23156
12378,23159
12378,23157
12378,23077
12378,22333
12378,21244
12378,21243
12378,23298
12378,23319
12378,22770
12378,22619
12378,21098
12378,20676
12378,22693
12378,21039
12378,23311
12378,21201
12378,21086
12378,20750
12378,22692
12378,23253
12378,20725
12378,22326
12378,21844
12378,21188
12378,23108
12378,21242
12378,21094
12378,21080
12378,22325
12378,22760
12378,22320
12378,84568
12378,23109
12379,23204
12379,20674
12379,20676
12379,22908
12379,21080
12379,21426
12379,21212
12379,22303
12379,22301
12379,22302
12379,22352
12379,20725
12379,20726
12379,22383
12379,23208
12379,22382
12379,22384
12379,20728
12379,23206
12379,23236
12379,20665
12379,21424
12379,22554
12379,22551
12379,22556
12379,22555
12379,23199
12379,22659
12379,22631
12379,23238
12379,21246
12379,22619
12379,22326
12379,22328
12379,22740
12379,20750
12380,21883
12380,21464
12380,23204
12380,22356
12380,22355
12380,20719
12380,20724
12380,20723
12380,22379
12380,22381
12380,22380
12380,21463
12380,22436
12380,21976
12380,21212
12380,21578
12380,21936
12380,22668
12380,22399
12380,22398
12380,22435
12380,21439
12380,23310
12380,22467
12380,21429
12380,20685
12380,23206
12380,20725
12380,20728
12380,20726
12380,22382
12380,22383
12380,22384
12380,23207
12380,23256
12380,23236
12380,22326
12380,22362
12380,22363
12380,22328
12380,21452
12380,21731
12380,23191
12380,22759
12380,70006
12380,22329
12380,22628
12380,23369
12380,23199
12380,20712
12380,22386
12380,22385
12380,21931
12380,20713
12380,23201
12380,23237
12380,23240
12380,23156
12380,22960
12380,21937
12380,21648
12380,22299
12380,21121
12380,23254
12380,21621
12380,23084
12380,22504
12380,23480
12381,23293
12381,22535
12381,22945
12381,16169
12381,23108
12381,22955
12381,22965
12381,22964
12381,21340
12381,22423
12381,23308
12381,22952
12381,21976
12381,22417
12381,21212
12381,22179
12381,21115
12381,84356
12381,22720
12381,22139
12381,23319
12381,21912
12381,21481
12381,21791
12381,22596
12381,84380
12381,23346
12381,23345
12381,22982
12381,22966
12381,22993
12381,22932
12381,84347
12381,22937
12381,22898
12381,22723
12381,23048
12381,21314
12381,22941
12381,22979
12381,23198
12381,22807
12381,21249
12381,21251
12381,22666
12381,22895
12381,22621
12381,21731
12381,47566
12381,23243
12381,22635
12381,22634
12381,22894
12381,23163
12381,22418
12381,23199
12381,84880
12381,22630
12381,22629
12381,22938
12381,22466
12381,22492
12381,23084
12381,23215
12381,23297
12381,23480
12383,21703
12383,22029
12383,22716
12383,21508
12383,22717
12383,21240
12383,21239
12383,21238
12383,21086
12383,21987
12383,22487
12383,20677
12383,20676
12383,20675
12383,21918
12383,22539
12383,22544
12383,22540
12383,22547
12383,22489
12383,22543
12383,22491
12383,21094
12383,21988
12383,21080
12383,21989
12383,79000
12383,84692
12383,16045
12383,23094
12383,22965
12383,22760
12383,22333
12383,21212
12383,21213
12383,22417
12383,21975
12383,21244
12383,21243
12383,21242
12383,21125
12383,21126
12383,22315
12383,22316
12383,22975
12383,22977
12383,22930
12383,20973
12383,20974
12383,20975
12383,22080
12383,22082
12383,22625
12383,22624
12383,22168
12383,22981
12383,22090
12383,22933
12383,22326
12383,22328
12383,22551
12383,22553
12383,22556
12383,22554
12383,22501
12383,22894
12383,22630
12383,22631
12383,22629
12383,22492
12383,21121
12383,21122
12383,21124
12383,21123
12383,22966
12383,21218
12383,22722
12383,84375
12384,23295
12384,22377
12384,23084
12384,22423
12384,21430
12384,23480
12384,22252
12384,21892
12384,20750
12384,22692
12384,20685
12384,22366
12384,22215
12384,22328
12384,22326
12384,23494
12384,22628
12384,23245
12384,23173
12384,22622
12384,23108
12384,22632
12386,22495
12386,22555
12386,22557
12386,21906
12386,22567
12386,22953
12386,22915
12386,21422
12386,22926
12386,21421
12388,22340
12388,22310
12388,22262
12388,22963
12388,22962
12388,22576
12388,22600
12388,71459
12388,22478
12388,22669
12388,22720
12388,23318
12388,23319
12388,84978
12388,23250
12388,22338
12388,22429
12388,23236
12388,23024
12388,22957
12388,22967
12388,22087
12388,22083
12388,22910
12388,22496
12388,22495
12388,22086
12388,23249
12388,23325
12388,47566
12388,23294
12388,23293
12388,23295
12388,23433
12388,22148
12388,23324
12388,22960
12388,23298
12388,23252
12388,23296
12388,23327
12388,23311
12388,22961
12388,22969
12388,22580
12388,23297
12388,23243
12388,23245
12388,23019
12388,22722
12388,23326
12388,23017
12388,23328
12390,21086
12390,22544
12390,22539
12390,22540
12390,21094
12390,21080
12390,22045
12390,22745
12390,22746
12390,22333
12390,21212
12390,23254
12390,23256
12390,23255
12390,23390
12390,23007
12390,23008
12390,22326
12390,22328
12390,22551
12390,22555
12390,23126
12390,23127
12390,23128
12390,22634
12390,22635
12390,23229
12390,22629
12390,22492
12390,21121
12391,22208
12391,22209
12391,22210
12391,84199
12391,22586
12391,22566
12391,22565
12391,22754
12391,22753
12391,21034
12391,22435
12391,20985
12391,22758
12391,22563
12391,22562
12391,22564
12391,22142
12391,23197
12391,23198
12391,23196
12391,20725
12391,22384
12391,21328
12391,23579
12391,23156
12391,23513
12391,23512
12391,23511
12391,23515
12391,23514
12391,23335
12391,22144
12391,22141
12391,20971
12391,21125
12391,21126
12391,20674
12391,20675
12391,20676
12391,20677
12391,22308
12391,21061
12391,23518
12391,23517
12391,22669
12391,22668
12391,22273
12391,22271
12391,22274
12391,22759
12391,84580
12391,84581
12391,22270
12391,22749
12391,23516
12391,23520
12391,21439
12391,21446
12391,23048
12391,23159
12391,23154
12391,85088
12391,22371
12391,22375
12391,22374
12391,22372
12391,23188
12391,23128
12391,23127
12391,23126
12391,23298
12391,47566
12391,22816
12391,16238
12391,22809
12391,23214
12391,21528
12391,21841
12391,22940
12391,37475
12391,22818
12391,22128
12391,23008
12391,21733
12391,22804
12391,23077
12391,23078
12391,23500
12393,22245
12393,21058
12393,22333
12393,21213
12393,21976
12393,21581
12393,22138
12393,22617
12393,21915
12393,22993
12393,20971
12393,22383
12393,20726
12393,20727
12393,22382
12393,21933
12393,21932
12393,20725
12393,22384
12393,23389
12393,23391
12393,23390
12393,22378
12393,22549
12393,22620
12393,21249
12393,22449
12393,22450
12393,22273
12393,22175
12393,22195
12393,21731
12393,22379
12393,22380
12393,22244
12393,22466
12393,22331
12393,21578
12393,21577
12393,22619
12393,20728
12393,23388
12393,22176
12393,22662
12393,22451
12394,21240
12394,21238
12394,20675
12394,20674
12394,20676
12394,21245
12394,21244
12394,23255
12394,23254
12394,21452
12394,22551
12394,22557
12394,22556
12394,22555
12394,22634
12394,22629
12394,22630
12394,22631
12394,21242
12394,23256
12394,23293
12394,37495
12394,23245
12394,23295
12394,23296
12395,21880
12395,21879
12395,22712
12395,22029
12395,22817
12395,22984
12395,22355
12395,22356
12395,20719
12395,20724
12395,22661
12395,23487
12395,22539
12395,22544
12395,22545
12395,22547
12395,22531
12395,22390
12395,22754
12395,22755
12395,84906
12395,23559
12395,23084
12395,23108
12395,22899
12395,21258
12395,22423
12395,84992
12395,23307
12395,21975
12395,22727
12395,22728
12395,22729
12395,22730
12395,22726
12395,22508
12395,22512
12395,84380
12395,23345
12395,23346
12395,21915
12395,21914
12395,22352
12395,21559
12395,21561
12395,21156
12395,22367
12395,23256
12395,23254
12395,23255
12395,23388
12395,23389
12395,23390
12395,23236
12395,22147
12395,22666
12395,22326
12395,22457
12395,22698
12395,22699
12395,22697
12395,22667
12395,22551
12395,22556
12395,21731
12395,22329
12395,22628
12395,22507
12395,21217
12395,22968
12395,23407
12395,23371
12395,23372
12395,22540
12395,21218
12395,22630
12395,22629
12395,23240
12395,84375
12395,85066
12395,21976
12395,22504
12395,84816
12395,22740
12395,21212
12395,21977
12395,22417
12397,22029
12397,22716
12397,23293
12397,22614
12397,23508
12397,23506
12397,23510
12397,23377
12397,20837
12397,23289
12397,23290
12397,23291
12397,23292
12397,22544
12397,22539
12397,22540
12397,22489
12397,21918
12397,22530
12397,22534
12397,22637
12397,20838
12397,20840
12397,22907
12397,23367
12397,23368
12397,23366
12397,22131
12397,23241
12397,23511
12397,23515
12397,23513
12397,22899
12397,22417
12397,22951
12397,23307
12397,22099
12397,22617
12397,22720
12397,22138
12397,22139
12397,23298
12397,22838
12397,21430
12397,22727
12397,22726
12397,22728
12397,22399
12397,23346
12397,23345
12397,21993
12397,22791
12397,21559
12397,22367
12397,22898
12397,21156
12397,22692
12397,20725
12397,20726
12397,22382
12397,23206
12397,23209
12397,22652
12397,22662
12397,23390
12397,23388
12397,23389
12397,22846
12397,22636
12397,22374
12397,23236
12397,23517
12397,22969
12397,22961
12397,22646
12397,22644
12397,23198
12397,22326
12397,22328
12397,21452
12397,22483
12397,21733
12397,22320
12397,21055
12397,23493
12397,22551
12397,22556
12397,22554
12397,22558
12397,22505
12397,23243
12397,23245
12397,23569
12397,22180
12397,23203
12397,23519
12397,22630
12397,22631
12397,22629
12397,22492
12397,23240
12397,23108
12397,23480
12397,23007
12397,23010
12397,23008
12397,22423
12397,22941
12398,23293
12398,20723
12398,23551
12398,23377
12398,23379
12398,23380
12398,22614
12398,21967
12398,21981
12398,23381
12398,21984
12398,21982
12398,23281
12398,23296
12398,22530
12398,22534
12398,22544
12398,22539
12398,22637
12398,22908
12398,22907
12398,20983
12398,23366
12398,23545
12398,23231
12398,22705
12398,22704
12398,23546
12398,22708
12398,23549
12398,23514
12398,23515
12398,20718
12398,21212
12398,22951
12398,22417
12398,21975
12398,23307
12398,21976
12398,22897
12398,37495
12398,21125
12398,22775
12398,22805
12398,22892
12398,21791
12398,21914
12398,23310
12398,20974
12398,20728
12398,23518
12398,23517
12398,21210
12398,22416
12398,22949
12398,21452
12398,22666
12398,22328
12398,22326
12398,22989
12398,21731
12398,22551
12398,23243
12398,21284
12398,23199
12398,23203
12398,22492
12398,23077
12398,23113
12398,22138
12398,21286
12398,21669
12398,21673
12398,21670
12398,21668
12398,21672
12398,21671
12398,22969
12398,20749
12398,20750
12399,22440
12399,23221
12399,23220
12399,23353
12399,23281
12399,23282
12399,21703
12399,22534
12399,22531
12399,22537
12399,22547
12399,22544
12399,21212
12399,21975
12399,21976
12399,22417
12399,23293
12399,23295
12399,21936
12399,21915
12399,21914
12399,85049
12399,21086
12399,20725
12399,20726
12399,22662
12399,20727
12399,22382
12399,23209
12399,22416
12399,21210
12399,84988
12399,22620
12399,21172
12399,22077
12399,21094
12399,21080
12399,23203
12399,23084
12399,23297
12399,21213
12399,22951
12399,84991
12399,22434
12399,23298
12399,22492
12401,21843
12401,22423
12402,22859
12402,22432
12402,22957
12402,20712
12402,22663
12402,21929
12402,21928
12402,22630
12402,22326
12403,21770
12405,20981
12405,23241
12405,22417
12405,21976
12405,21977
12405,22951
12405,84991
12405,23307
12405,21986
12405,21981
12405,22614
12405,21429
12405,21156
12405,22367
12405,22627
12405,22624
12405,21380
12405,22317
12405,21395
12405,21394
12405,21199
12405,22551
12405,22554
12405,22556
12405,23243
12405,20977
12405,21578
12405,23240
12405,23238
12405,21426
12405,21975
12405,22668
12405,22617
12405,22720
12405,23109
12405,22318
12405,21249
12405,21251
12405,21424
12405,22138
12405,22325
12405,21430
12405,20749
12405,22326
12405,22498
12405,20750
12406,22027
12406,21509
12406,21982
12406,23507
12406,23510
12406,21967
12406,22615
12406,21985
12406,23308
12406,23307
12406,22417
12406,22952
12406,84077
12406,22725
12406,22729
12406,22728
12406,22982
12406,84828
12406,21987
12406,23207
12406,21935
12406,22652
12406,23206
12406,22437
12406,22620
12406,84378
12406,84380
12406,21563
12406,21564
12406,22551
12406,22556
12406,22555
12406,22980
12406,22553
12406,22554
12406,23101
12406,23293
12406,21833
12406,21544
12406,22348
12406,21989
12406,21988
12406,22630
12406,22629
12406,22813
12406,22631
12406,22492
12406,23084
12406,23392
12406,22964
12406,22965
12406,22585
12406,21231
12406,22435
12406,21232
12406,22494
12406,23296
12406,22584
12406,22931
12406,72598
12406,23256
12406,84029
12406,23235
12406,22961
12406,23244
12406,22314
12406,22313
12406,22312
12406,22311
12406,21250
12406,22936
12406,70006
12406,22383
12406,23114
12406,21481
12406,23237
12406,84375
12406,22849
12406,22848
12406,22846
12406,21558
12406,21559
12406,48188
12406,22366
12406,23162
12406,22467
12406,22721
12407,16048
12407,21884
12407,22851
12407,22046
12407,35924
12407,22899
12407,22951
12407,21975
12407,21976
12407,22417
12407,23308
12407,21109
12407,22138
12407,22617
12407,22720
12407,37495
12407,47580
12407,22582
12407,22367
12407,84987
12407,21972
12407,22416
12407,22949
12407,22644
12407,21107
12407,21106
12407,37448
12407,37447
12407,22064
12407,22067
12407,23245
12407,22634
12407,22221
12407,37501
12407,21843
12407,21108
12407,23159
12407,23077
12407,22027
12407,21977
12407,21212
12407,21217
12407,23076
12407,22646
12407,22649
12407,22635
12407,48185
12408,20668
12408,22614
12408,20719
12408,20724
12408,20723
12408,23204
12408,23379
12408,23381
12408,23290
12408,23000
12408,22999
12408,84006
12408,22245
12408,22348
12408,22908
12408,23241
12408,23084
12408,22748
12408,22746
12408,22745
12408,21937
12408,22728
12408,22099
12408,22098
12408,21990
12408,23346
12408,23345
12408,21791
12408,22303
12408,22898
12408,23283
12408,23208
12408,23206
12408,23388
12408,23389
12408,22374
12408,22661
12408,23196
12408,22549
12408,22328
12408,22666
12408,22326
12408,23177
12408,23176
12408,22895
12408,22663
12408,20712
12408,20713
12408,22551
12408,22974
12408,22972
12408,22554
12408,22556
12408,22628
12408,22894
12408,23199
12408,23202
12408,23200
12408,22385
12408,22630
12408,22466
12408,23244
12408,23237
12408,84012
12408,23235
12408,23115
12408,23114
12408,22726
12408,22729
12408,22725
12408,22629
12408,23008
12408,23007
12408,37475
12408,22727
12409,16008
12409,23298
12409,21394
12409,20676
12409,20677
12409,20675
12409,20674
12409,22549
12409,23167
12409,22045
12409,22440
12409,22039
12409,71053
12409,22960
12409,22494
12409,23049
12409,23050
12409,23051
12409,23052
12409,23389
12409,23166
12409,22417
12409,21976
12409,21212
12409,22784
12409,84378
12409,21124
12409,22697
12409,22699
12409,84755
12409,22427
12409,22634
12409,21169
12409,23171
12409,23170
12409,23165
12409,22558
12409,20724
12409,20719
12409,20723
12409,21446
12409,20866
12409,23359
12409,23112
12409,20914
12409,21907
12409,23234
12409,23008
12409,23007
12409,84029
12409,85049
12409,22192
12409,23432
12409,23388
12409,22637
12409,22674
12409,22139
12409,22138
12409,20717
12409,21121
12409,21481
12409,22413
12409,22326
12409,21680
12409,22668
12409,23108
12409,20685
12409,48184
12409,22553
12409,22551
12409,22554
12409,22434
12409,23254
12409,23255
12409,22423
12409,21770
12409,22632
12409,20712
12409,22734
12409,21164
12409,21906
12409,23079
12409,47566
12409,84968
12409,23245
12409,23256
12409,23253
12410,21916
12410,22914
12410,22674
12410,22670
12410,22625
12410,22624
12410,22191
12410,22192
12410,22193
12410,22194
12410,84988
12410,21974
12410,82552
12410,22957
12410,22967
12410,22242
12410,22243
12410,21218
12410,22423
12410,22675
12410,20749
12410,20750
12410,22627
12410,22626
12410,22672
12412,22027
12412,21508
12412,22714
12412,22820
12412,23377
12412,23378
12412,15036
12412,23282
12412,23281
12412,23123
12412,23280
12412,23290
12412,23291
12412,23292
12412,23289
12412,21918
12412,22489
12412,20754
12412,84077
12412,21479
12412,23168
12412,23256
12412,23254
12412,22961
12412,23356
12412,23355
12412,23357
12412,21787
12412,22629
12412,22630
12412,22631
12412,23559
12412,23297
12412,23319
12412,23267
12412,21563
12412,23240
12412,23392
12412,20751
12413,21883
12413,21086
12413,22356
12413,20724
12413,21094
12413,21080
12413,22748
12413,21936
12413,22750
12413,23393
12413,21039
12413,23051
12413,22326
12413,22273
12413,22457
12413,20679
12413,21328
12413,22555
12413,22634
12413,22418
12413,23201
12413,21055
12413,22138
12413,22617
12413,22504
12413,20750
12414,17003
12414,21977
12414,20974
12414,21172
12414,22556
12414,22551
12414,22557
12414,21207
12414,20975
12414,47566
12414,22128
12415,23232
12415,21503
12415,22546
12415,22545
12415,21918
12415,21917
12415,23307
12415,23167
12415,20979
12415,23292
12415,23291
12415,23166
12415,21210
12415,21974
12415,23306
12415,22147
12415,23192
12415,23190
12415,23207
12415,23209
12415,23206
12415,20725
12415,21933
12415,23165
12415,22973
12415,23293
12415,23295
12415,23294
12415,22150
12415,23244
12415,23242
12415,23241
12415,23159
12415,23154
12415,23201
12415,23203
12415,21929
12415,23296
12415,23236
12415,23235
12415,21936
12415,23297
12415,23229
12415,23240
12415,23254
12415,23255
12415,23256
12415,23237
12415,23174
12415,23245
12415,23243
12415,22720
12415,22138
12415,23108
12415,21905
12415,20837
12415,22818
12415,21843
12415,23187
12415,21539
12415,21992
12415,23049
12415,22933
12415,21179
12415,20840
12415,22492
12415,21508
12415,22029
12415,22035
12415,22028
12415,21509
12415,22093
12415,21876
12415,23327
12415,22400
12415,22402
12415,22403
12415,22835
12415,21068
12415,23300
12415,23301
12415,21196
12415,21198
12415,21199
12415,22418
12415,21058
12415,23012
12415,23014
12415,23013
12415,23233
12415,84228
12415,23542
12415,21084
12415,21880
12415,22417
12415,21212
12415,21977
12415,23308
12415,23309
12415,21213
12415,84992
12415,22378
12415,21878
12415,22716
12415,22027
12415,22714
12415,22715
12415,22024
12415,22712
12415,22025
12415,23497
12415,22667
12415,22699
12415,22697
12415,22698
12415,22364
12415,22363
12415,21094
12415,21988
12415,23175
12415,22148
12415,22918
12415,22919
12415,22920
12415,22921
12415,22916
12415,22917
12415,22516
12415,22517
12415,22518
12415,22519
12415,22514
12415,22515
12415,21715
12415,21716
12415,21524
12415,48138
12415,23283
12415,22692
12415,23231
12415,23230
12415,22708
12415,22046
12415,22045
12415,22710
12415,22709
12415,22050
12415,22706
12415,22959
12415,23550
12415,23545
12415,21239
12415,21240
12415,21238
12415,22907
12415,22613
12415,21080
12415,22908
12415,21989
12415,23285
12415,23288
12415,23286
12415,23287
12415,22132
12415,21192
12415,23172
12415,22980
12415,23170
12415,23171
12415,21207
12415,22331
12415,21197
12415,22621
12415,22620
12415,20984
12415,48194
12415,22842
12415,22843
12415,23157
12415,21993
12415,23349
12415,20676
12415,20677
12415,20675
12415,22993
12415,22892
12415,21791
12415,23119
12415,21249
12415,21987
12415,22858
12415,22859
12415,22860
12415,21195
12415,21191
12415,22978
12415,22523
12415,22840
12415,22841
12415,22544
12415,22539
12415,22541
12415,22540
12415,22543
12415,22979
12415,21990
12415,22549
12415,23507
12415,23510
12415,22807
12415,22191
12415,22193
12415,23342
12415,22192
12415,23341
12415,21090
12415,21115
12415,84944
12415,21976
12415,22952
12415,21531
12415,84218
12415,22505
12415,22139
12415,22911
12415,22085
12415,22083
12415,22090
12415,22857
12415,22348
12415,23122
12415,23120
12415,23121
12415,23502
12415,23505
12415,22308
12415,22659
12415,22631
12415,22629
12415,22630
12415,23326
12415,22524
12415,22525
12415,22615
12415,21984
12415,21981
12415,21086
12415,22196
12415,22195
12415,23382
12415,22131
12415,22849
12415,22848
12415,22961
12415,22969
12415,23347
12415,22070
12415,22934
12415,22272
12415,22273
12415,22274
12415,22271
12415,22327
12415,23436
12415,20685
12415,22687
12415,22960
12415,37370
12415,23371
12415,23372
12415,23370
12415,20978
12415,22635
12415,22704
12415,22522
12415,21243
12415,21244
12415,21242
12415,22556
12415,22557
12415,22488
12415,22332
12415,22333
12415,22554
12415,22551
12415,23176
12415,23445
12415,22382
12415,20726
12415,22662
12415,23208
12415,20727
12415,22384
12415,23113
12415,23114
12415,22970
12415,21891
12415,21877
12415,21892
12415,21770
12415,22913
12415,22914
12415,23353
12415,23524
12415,23527
12415,23525
12415,23523
12415,23480
12415,22466
12415,22749
12415,22750
12415,22751
12415,22722
12415,23299
12415,22726
12415,22728
12415,22730
12415,22727
12415,22725
12415,23392
12415,23084
12415,22963
12415,22079
12415,22080
12415,22736
12415,22735
12415,22738
12415,22739
12415,22423
12415,22925
12415,22928
12415,23202
12415,22386
12415,20711
12415,22734
12415,23009
12415,22981
12415,21164
12415,22666
12415,22636
12415,22379
12415,23533
12415,22653
12415,23173
12415,22354
12415,22634
12415,22968
12415,22617
12415,22910
12415,22651
12415,22909
12415,23298
12415,23077
12415,22077
12415,22329
12415,21731
12415,20973
12415,23346
12415,23345
12415,22078
12415,23519
12415,23516
12415,22992
12415,22991
12415,23360
12415,23189
12415,23518
12415,22846
12415,21537
12415,22326
12415,22360
12415,21915
12415,21914
12415,23512
12415,23513
12415,23515
12415,22619
12415,22962
12415,23193
12415,23177
12415,23194
12415,22652
12415,22838
12415,23253
12415,21121
12415,21902
12415,21900
12415,21899
12415,21216
12415,21218
12415,23340
12415,23541
12415,23343
12415,23238
12415,23239
12415,22950
12415,22457
12415,23312
12415,23390
12415,23389
12415,23388
12415,22654
12415,22839
12415,47566
12415,22555
12415,22990
12415,21217
12415,15036
12415,22109
12415,21888
12415,22628
12415,23234
12415,22989
12415,23247
12415,21137
12415,22946
12415,23328
12415,23526
12415,23534
12415,23535
12415,23536
12415,23314
12415,22940
12417,21084
12417,21090
12417,22398
12417,22915
12417,23286
12417,23287
12417,23285
12417,22990
12417,21770
12417,23487
12417,22962
12417,22261
12417,21700
12417,22851
12417,22613
12417,21080
12417,23231
12417,23548
12417,22040
12417,21500
12417,22986
12417,22959
12417,21499
12417,21843
12417,23110
12417,84820
12417,90145
12417,23241
12417,23108
12417,22955
12417,22702
12417,84819
12417,23175
12417,21977
12417,21212
12417,22417
12417,84991
12417,21578
12417,21135
12417,21937
12417,22720
12417,22138
12417,22222
12417,23118
12417,23112
12417,22801
12417,22619
12417,37495
12417,21430
12417,22730
12417,22800
12417,23480
12417,22993
12417,22975
12417,20971
12417,23267
12417,22966
12417,23345
12417,23350
12417,23476
12417,22944
12417,21535
12417,21531
12417,22937
12417,22214
12417,22303
12417,23453
12417,23576
12417,22722
12417,23013
12417,23014
12417,21257
12417,22794
12417,22840
12417,22692
12417,23543
12417,23209
12417,23256
12417,23174
12417,23254
12417,23007
12417,23010
12417,23008
12417,22847
12417,22624
12417,22168
12417,22169
12417,22625
12417,22852
12417,84030
12417,23236
12417,23562
12417,22644
12417,21974
12417,84987
12417,21673
12417,22666
12417,22957
12417,21481
12417,21249
12417,21452
12417,22667
12417,21042
12417,22623
12417,20682
12417,21318
12417,23170
12417,23301
12417,23245
12417,23243
12417,22501
12417,23173
12417,23315
12417,23462
12417,22451
12417,21717
12417,37501
12417,23546
12417,23545
12417,21467
12417,22071
12417,21218
12417,90036
12417,23240
12417,23111
12417,22845
12417,22423
12417,22960
12417,84969
12417,22223
12417,22770
12417,22504
12417,23210
12417,23080
12417,22699
12417,22236
12417,22060
12417,22741
12417,21672
12417,37500
12418,22915
12418,22029
12418,22440
12418,22547
12418,22537
12418,22534
12418,22544
12418,22539
12418,22531
12418,21878
12418,22045
12418,84077
12418,22669
12418,22138
12418,22617
12418,21888
12418,21791
12418,22988
12418,22971
12418,21524
12418,48138
12418,22692
12418,22691
12418,22636
12418,23196
12418,22549
12418,23184
12418,22607
12418,23229
12418,23298
12418,47566
12418,22635
12418,22634
12420,85203
12420,22197
12420,22129
12420,85204
12420,37446
12420,23244
12420,22423
12420,22055
12420,22138
12420,22720
12420,22721
12420,23236
12420,22066
12420,23245
12420,22500
12420,22890
12420,37449
12420,22446
12420,22448
12420,23299
12420,22128
12420,21648
12420,20749
12420,20750
12420,22509
12420,23247
12420,22649
12420,22061
12421,22026
12421,21519
12421,21520
12421,22983
12421,22893
12421,37446
12421,22307
12421,72741
12421,84991
12421,21108
12421,37495
12421,23382
12421,21232
12421,23267
12421,23311
12421,21932
12421,21933
12421,21314
12421,23234
12421,22066
12421,22646
12421,21733
12421,22806
12421,22088
12421,22224
12421,35922
12421,21907
12422,22356
12422,22962
12422,21723
12422,21944
12422,22379
12422,20717
12422,21937
12422,21936
12422,21932
12422,22749
12422,23267
12422,20728
12422,20727
12422,23206
12422,23208
12422,23209
12422,22147
12422,22961
12422,21481
12422,22273
12422,22274
12422,22271
12422,21694
12422,21391
12422,20713
12422,20712
12422,22469
12422,23321
12422,23344
12422,23199
12422,23200
12422,23202
12422,22960
12422,22384
12422,21693
12422,22503
12423,22396
12423,35923
12423,22419
12423,22420
12423,22037
12423,22915
12423,21238
12423,85230
12423,21980
12423,21981
12423,22319
12423,20723
12423,22661
12423,20724
12423,15039
12423,23204
12423,20719
12423,22356
12423,22859
12423,23281
12423,22893
12423,22994
12423,23004
12423,22151
12423,22390
12423,22907
12423,22962
12423,21680
12423,20981
12423,71459
12423,84945
12423,22432
12423,23084
12423,23065
12423,20718
12423,21749
12423,22232
12423,21135
12423,84879
12423,22248
12423,21108
12423,22720
12423,22098
12423,22398
12423,22252
12423,22399
12423,21746
12423,22303
12423,22352
12423,22302
12423,22367
12423,21156
12423,20685
12423,23066
12423,20725
12423,22382
12423,23256
12423,23254
12423,23007
12423,23008
12423,22969
12423,22326
12423,22328
12423,22967
12423,22957
12423,22742
12423,21990
12423,22807
12423,22385
12423,22329
12423,21705
12423,21731
12423,22554
12423,22628
12423,22968
12423,23199
12423,22629
12423,23154
12423,22632
12423,22865
12423,23078
12424,23032
12424,23102
12424,23101
12424,22138
12424,22617
12424,22139
12424,23100
12424,21791
12424,22737
12424,22739
12424,22736
12424,23129
12424,23034
12424,22119
12424,85152
12424,22333
12424,22429
12424,84378
12424,22813
12424,22089
12424,22090
12424,22583
12424,22669
12424,22584
12424,22812
12424,22668
12424,23298
12424,47566
12424,84380
12424,22222
12425,20723
12425,20724
12425,23204
12425,21154
12425,21212
12425,22720
12425,22138
12425,22139
12425,22471
12425,21947
12425,21155
12425,22352
12425,20725
12425,21932
12425,22383
12425,20728
12425,21933
12425,22215
12425,21210
12425,22961
12425,22558
12425,22329
12425,22557
12425,22555
12425,23245
12425,22628
12425,20751
12425,22485
12425,23271
12425,23077
12425,23078
12425,23076
12425,20914
12426,21770
12426,71459
12426,20963
12426,22845
12426,21747
12426,21746
12426,22975
12426,22976
12426,22350
12426,22414
12426,22365
12426,22366
12426,22849
12426,20665
12426,22328
12426,22360
12426,22363
12426,22551
12426,22554
12426,22555
12426,22329
12426,23184
12426,21165
12426,22629
12426,22631
12426,82600
12426,22960
12426,22326
12427,23348
12427,22149
12427,23298
12427,22975
12427,22976
12427,22301
12427,22300
12427,22367
12427,22898
12427,23080
12427,23389
12427,22142
12427,21249
12427,22320
12427,22077
12427,21328
12427,21329
12427,22972
12427,22973
12427,23240
12427,22144
12427,23084
12427,84598
12427,22636
12427,22634
12428,21402
12428,21403
12428,21088
12428,22714
12428,22037
12428,21401
12428,22983
12428,22819
12428,22715
12428,22032
12428,22027
12428,22028
12428,22712
12428,22814
12428,22029
12428,22916
12428,22917
12428,22918
12428,22919
12428,22920
12428,22921
12428,21087
12428,21883
12428,21086
12428,21096
12428,23380
12428,22860
12428,22489
12428,21918
12428,22915
12428,22637
12428,22321
12428,22962
12428,21441
12428,21442
12428,22595
12428,21095
12428,22851
12428,21094
12428,21499
12428,21500
12428,22706
12428,22052
12428,22986
12428,23230
12428,23231
12428,22046
12428,22051
12428,22045
12428,22708
12428,84687
12428,23515
12428,21154
12428,85053
12428,20752
12428,20754
12428,20801
12428,21002
12428,21212
12428,21977
12428,84991
12428,21462
12428,21578
12428,21577
12428,22669
12428,21932
12428,21937
12428,21936
12428,22623
12428,22139
12428,35241
12428,22270
12428,22203
12428,23480
12428,22279
12428,22256
12428,21877
12428,22982
12428,22984
12428,21039
12428,22276
12428,84584
12428,22395
12428,21559
12428,22309
12428,22868
12428,22869
12428,22870
12428,22871
12428,22872
12428,22873
12428,22874
12428,22875
12428,22876
12428,22877
12428,21880
12428,22690
12428,20685
12428,23050
12428,23051
12428,22168
12428,22192
12428,23341
12428,22961
12428,82552
12428,21210
12428,22981
12428,22969
12428,22979
12428,22804
12428,22175
12428,22176
12428,22483
12428,22957
12428,22318
12428,21249
12428,22445
12428,22328
12428,22089
12428,21424
12428,22498
12428,84637
12428,21395
12428,21399
12428,21394
12428,21398
12428,21035
12428,22989
12428,21928
12428,21929
12428,22386
12428,22296
12428,21199
12428,22329
12428,22759
12428,21710
12428,47566
12428,21216
12428,21622
12428,23180
12428,20979
12428,85213
12428,22922
12428,21078
12428,21080
12428,84821
12428,22411
12428,23203
12428,23343
12428,20712
12428,22663
12428,22385
12428,22978
12428,23183
12428,23519
12428,23360
12428,23154
12428,21285
12428,22960
12428,21115
12428,84819
12428,21533
12428,22223
12428,21246
12428,22204
12428,21430
12428,21121
12428,21122
12428,21124
12428,21669
12428,21668
12428,84744
12428,85015
12428,22722
12428,22723
12428,21527
12428,48184
12428,22846
12428,84030
12428,22201
12428,21428
12428,23236
12428,22317
12428,21164
12428,20998
12428,85087
12428,22558
12428,37342
12428,22507
12428,23243
12428,22796
12428,22221
12428,23581
12428,23582
12428,37501
12428,22720
12428,20750
12428,21524
12428,22689
12428,23053
12428,21217
12428,23240
12428,21537
12428,84969
12428,22628
12428,84916
12428,23049
12428,23052
12428,84919
12428,22354
12428,22073
12428,48187
12429,22396
12429,22398
12429,23119
12429,22544
12429,22539
12429,21917
12429,22908
12429,23242
12429,22899
12429,22331
12429,21977
12429,21212
12429,23308
12429,84879
12429,20704
12429,23186
12429,22567
12429,22993
12429,21616
12429,21615
12429,21619
12429,21914
12429,22041
12429,22583
12429,85015
12429,22365
12429,23053
12429,23050
12429,23206
12429,23209
12429,22626
12429,23497
12429,22744
12429,22483
12429,21731
12429,21165
12429,22948
12429,23154
12429,23241
12429,23084
12429,22423
12429,22960
12429,22914
12429,21137
12429,22725
12429,22673
12429,23076
12429,23275
12429,21620
12429,23052
12429,23054
12429,23110
12429,23236
12429,22326
12429,22328
12429,22727
12429,22728
12429,22729
12429,22726
12429,23480
12429,22670
12429,22467
12429,23240
12429,22951
12429,82582
12429,47566
12429,22169
12429,23245
12429,22730
12429,22956
12429,21175
12429,22847
12429,22779
12429,22752
12430,23144
12430,23122
12430,22544
12430,23145
12430,22585
12430,84380
12430,22964
12430,23480
12430,23569
12430,22622
12431,21507
12431,22027
12431,22712
12431,22029
12431,22037
12431,21240
12431,21239
12431,21883
12431,21880
12431,23506
12431,22356
12431,20724
12431,20719
12431,22859
12431,21770
12431,21217
12431,23155
12431,20677
12431,20675
12431,23004
12431,22219
12431,21094
12431,21080
12431,16169
12431,22045
12431,22131
12431,22786
12431,23392
12431,23559
12431,23108
12431,22965
12431,23175
12431,22951
12431,21243
12431,21242
12431,21245
12431,21244
12431,21937
12431,21936
12431,21933
12431,22617
12431,22138
12431,23298
12431,22726
12431,22727
12431,22728
12431,22729
12431,22730
12431,22204
12431,21745
12431,21791
12431,22975
12431,22976
12431,22977
12431,22988
12431,84978
12431,23502
12431,22966
12431,22467
12431,22352
12431,22971
12431,21524
12431,21527
12431,48129
12431,22692
12431,22690
12431,23284
12431,20725
12431,22382
12431,23206
12431,21935
12431,22383
12431,20726
12431,23174
12431,23389
12431,22846
12431,22193
12431,22192
12431,22191
12431,22194
12431,23342
12431,21537
12431,21428
12431,23040
12431,23109
12431,84988
12431,23306
12431,23268
12431,84380
12431,84378
12431,22326
12431,22328
12431,22699
12431,22698
12431,22697
12431,21481
12431,22413
12431,21164
12431,21001
12431,23079
12431,22835
12431,22354
12431,22195
12431,22329
12431,23301
12431,23170
12431,23300
12431,22505
12431,23245
12431,23243
12431,23316
12431,22196
12431,84945
12431,22907
12431,21931
12431,23202
12431,23344
12431,20712
12431,22411
12431,23083
12431,22629
12431,22631
12431,22466
12431,22492
12431,23240
12431,23084
12431,23158
12431,21000
12431,21115
12431,22785
12431,21533
12431,21555
12431,20685
12431,48138
12431,22090
12431,21731
12431,21622
12431,21706
12431,21707
12431,22385
12431,22992
12431,23159
12431,22423
12431,22941
12431,23355
12431,79067
12432,21208
12432,21209
12432,21507
12432,21508
12432,22027
12432,22028
12432,22714
12432,21194
12432,20719
12432,22661
12432,84832
12432,22196
12432,21790
12432,35933
12432,22053
12432,22745
12432,22747
12432,22746
12432,22748
12432,84077
12432,20700
12432,20701
12432,21912
12432,22550
12432,22892
12432,21668
12432,21670
12432,22773
12432,22771
12432,22805
12432,22982
12432,84828
12432,22690
12432,21922
12432,21934
12432,22371
12432,22372
12432,22979
12432,22981
12432,22326
12432,21394
12432,21395
12432,22232
12432,23192
12432,21207
12432,22980
12432,22195
12432,21622
12432,22167
12432,21715
12432,21716
12432,20712
12432,21033
12432,22978
12432,23214
12432,23559
12432,20694
12432,21563
12432,21564
12432,21788
12432,21789
12432,22617
12432,22138
12432,23542
12432,37495
12432,23229
12432,23049
12432,23051
12432,23053
12432,23050
12432,23052
12432,23054
12432,21750
12432,22236
12432,21731
12432,22505
12432,22619
12432,22975
12432,21672
12432,22390
12432,21115
12432,79321
12432,22972
12432,22354
12432,22468
12432,22179
12432,21787
12432,21749
12432,23256
12432,22636
12432,22929
12432,22635
12432,22634
12433,16008
12433,15034
12433,22814
12433,21520
12433,21506
12433,22716
12433,82581
12433,16014
12433,23508
12433,23509
12433,16016
12433,72232
12433,21158
12433,21162
12433,21159
12433,21770
12433,23167
12433,17038
12433,22547
12433,22544
12433,22543
12433,22540
12433,22539
12433,22534
12433,22530
12433,22531
12433,22489
12433,21786
12433,22998
12433,23004
12433,23002
12433,22994
12433,23000
12433,22963
12433,22962
12433,22181
12433,22922
12433,22348
12433,23366
12433,21154
12433,84991
12433,84992
12433,21213
12433,21977
12433,21212
12433,23288
12433,23287
12433,23286
12433,23285
12433,21982
12433,21981
12433,21967
12433,21983
12433,22615
12433,21980
12433,22614
12433,21984
12433,23187
12433,22098
12433,22913
12433,22914
12433,22912
12433,22112
12433,23118
12433,22726
12433,22730
12433,22092
12433,22095
12433,22094
12433,22315
12433,22773
12433,22771
12433,21671
12433,21668
12433,21669
12433,21672
12433,22772
12433,21670
12433,22670
12433,21872
12433,21871
12433,21068
12433,21877
12433,23503
12433,23166
12433,23502
12433,23168
12433,22308
12433,22309
12433,22467
12433,21156
12433,22722
12433,20685
12433,22690
12433,84600
12433,23429
12433,23428
12433,23430
12433,22652
12433,22899
12433,22626
12433,22625
12433,22624
12433,21479
12433,23236
12433,23247
12433,23198
12433,22979
12433,21248
12433,21733
12433,21481
12433,23494
12433,23534
12433,23493
12433,23165
12433,23571
12433,23184
12433,23357
12433,21165
12433,21169
12433,84692
12433,23358
12433,21166
12433,22631
12433,22630
12433,22659
12433,23240
12433,23073
12433,22866
12433,22632
12433,22865
12433,22956
12433,82600
12433,21181
12433,21908
12433,85152
12433,23293
12433,21485
12433,23530
12433,21533
12433,22728
12433,22727
12433,22966
12433,21874
12433,21873
12433,21870
12433,22567
12433,22494
12433,22693
12433,21592
12433,85150
12433,21175
12433,21080
12433,22114
12433,84029
12433,21584
12433,22961
12433,23197
12433,22667
12433,22666
12433,22665
12433,22413
12433,20665
12433,22558
12433,21260
12433,22556
12433,22554
12433,22553
12433,22551
12433,22561
12433,23355
12433,22835
12433,15036
12433,22842
12433,23543
12433,23307
12433,84375
12433,20914
12433,20679
12433,22555
12433,22557
12433,22628
12433,37500
12433,23243
12433,22847
12433,22848
12433,22197
12433,23245
12433,23169
12433,22720
12433,22198
12433,21218
12433,22688
12433,22199
12433,22200
12433,22201
12433,84050
12433,22444
12433,21216
12433,21217
12434,21208
12434,22983
12434,22716
12434,22024
12434,23294
12434,21086
12434,21194
12434,23296
12434,20984
12434,20983
12434,20838
12434,22379
12434,22381
12434,21366
12434,22232
12434,23293
12434,23295
12434,23285
12434,23286
12434,23287
12434,23298
12434,23395
12434,21993
12434,21990
12434,20749
12434,20750
12434,48138
12434,21922
12434,23052
12434,23053
12434,23051
12434,23236
12434,20665
12434,21372
12434,21202
12434,21204
12434,22505
12434,21623
12434,22786
12434,23238
12434,23240
12434,22785
12434,22128
12434,23328
12435,21931
12435,20713
12435,21914
12435,21915
12435,22518
12435,22519
12435,22605
12435,22606
12435,22631
12435,22630
12435,22960
12435,22467
12435,22693
12435,22728
12435,22730
12435,22727
12435,22865
12435,23201
12435,23342
12435,23341
12435,22192
12435,22627
12435,22468
12435,22624
12435,21524
12435,23007
12435,23010
12435,23008
12435,22626
12435,22625
12435,22179
12436,22965
12436,23308
12436,23309
12436,84992
12436,22417
12436,21975
12436,22668
12436,22720
12436,23234
12436,23247
12436,47566
12436,23243
12436,23298
12437,21208
12437,22027
12437,21509
12437,16012
12437,23293
12437,21987
12437,22440
12437,22356
12437,20676
12437,20677
12437,20675
12437,22716
12437,22714
12437,22544
12437,22983
12437,22029
12437,21094
12437,21062
12437,22197
12437,22132
12437,22133
12437,21080
12437,21544
12437,21058
12437,21988
12437,22130
12437,21989
12437,23084
12437,21219
12437,22964
12437,22955
12437,22423
12437,22333
12437,21212
12437,21213
12437,21975
12437,23308
12437,21577
12437,21244
12437,84077
12437,22668
12437,23112
12437,84380
12437,21125
12437,21358
12437,22435
12437,21558
12437,22389
12437,22390
12437,22930
12437,22937
12437,21086
12437,22439
12437,22778
12437,21523
12437,23283
12437,20728
12437,20725
12437,22215
12437,22636
12437,22437
12437,84988
12437,84378
12437,21210
12437,22416
12437,21972
12437,21974
12437,22949
12437,22969
12437,22326
12437,22742
12437,22744
12437,21380
12437,22085
12437,22551
12437,22556
12437,21209
12437,22554
12437,21731
12437,21207
12437,47566
12437,22221
12437,22776
12437,23397
12437,22634
12437,22893
12437,23229
12437,22630
12437,22629
12437,22492
12437,21224
12437,23077
12437,22960
12437,22331
12437,22417
12437,21243
12437,23480
12437,23382
12437,21122
12437,22693
12437,21121
12437,21124
12437,23076
12437,21559
12437,22352
12437,22582
12437,22584
12437,22583
12437,21561
12437,21843
12437,20726
12437,22090
12437,22580
12437,22236
12438,16219
12438,23286
12438,23287
12438,21829
12438,22211
12438,23289
12438,23291
12438,23290
12438,23292
12438,21918
12438,21917
12438,22489
12438,22753
12438,23241
12438,10135
12438,22212
12438,22423
12438,21578
12438,22138
12438,22617
12438,22728
12438,21481
12438,21232
12438,21914
12438,23570
12438,23310
12438,22467
12438,21156
